"","Author","Bar","Ctrl","Goal","V5","V6","V7","V8"
"14",0.189802421860016,0.787265515350813,0.410679777349889,-1.34424432394596,0.0401475778959673,0.495371752939737,-0.366882840603217,-0.0879627831804581
"20",-0.592216592842404,1.44346518047797,0.987083671540768,-2.15973711244041,1.25489717728148,1.4047975089734,0.394561698189814,0.838585531651808
"32",0.804060344135367,-0.697966170148834,0.686486437965408,-1.21257699247335,0.215359000770417,0.127270471974101,-0.1766337921906,0.499011753812056
"36",-0.709597660376703,0.978079084520607,1.5756897009941,0.540995785463769,0.341279273271685,0.301071808220801,0.605040357207718,-0.48241360655871
"38",-0.858495066735369,0.36157322666782,0.68147450355151,-0.362923884331342,0.00868160508159915,-0.534522310311977,0.159550845194195,-0.878849043554754
"53",0.409545567266451,-0.559823055413791,1.08784951834763,1.53161717107116,-1.94811352269541,-1.26653239893288,0.498387680946998,-0.939905758473176
"70",-1.09351605072677,0.241865447440948,0.782143359549778,1.56718331233511,0.606623193518602,-0.969290668295652,-0.136200587224232,-0.359954692446075
"72",-0.898351526814871,1.0478941577052,0.0583115721828959,-0.300178663793368,1.6497597591617,-1.57988121992377,-2.52325167149247,1.5501847943816
"80",0.639953767320592,-0.374351625144528,-0.167449667869863,0.637072397577408,-1.53491932913601,-1.37273430477527,0.538037008466927,-0.645896509165045
"91",-1.03942971751739,0.0041450285065332,-1.18122023582603,-1.34800272690014,-1.31841655313109,-1.48049864927042,-0.0712806564970008,0.86955809264436
"109",-1.55832830151021,0.297787514010086,0.00108998126664976,0.778819676519406,1.22992865809753,-0.244052223704351,0.456247920346684,0.837389830928771
"118",-0.432994580932992,-0.48490506996701,-0.275163763095594,1.136505967332,-1.42019696085181,-3.37279531061713,-1.21971632805594,-0.309944196328981
"124",0.15892072194625,-1.13480461224475,-0.712855805044138,-1.10886547491865,0.987444191575873,0.196066400273375,0.794632728847889,1.24054008489372
"145",-0.0314338024403118,-1.66551516506277,-0.351117269843683,-0.328502897235552,-0.460037862923662,-1.45505412878777,-2.03447655337192,-0.710006172494652
"160",1.94115336104666,-1.31778796528859,-0.0367129547827563,0.310576616802159,0.375145333381303,1.50519015768051,1.1271836404041,0.530654201290886
"167",0.271614470884166,-0.52222259992515,0.50622505981111,0.649369960754208,0.37125374726879,-0.224565220032291,-0.887960242298455,-1.87538866621856
"171",0.196134693816754,-1.27745137974781,-0.5177843214177,0.113464553317616,-1.50567735028222,0.772269719059636,-1.25121163319419,-1.28719159826982
"174",0.279498040636076,0.947057899800774,-1.70726776926823,-0.976228761330807,1.21074413658071,2.96548635361247,0.927448428863257,-0.219028613425162
"178",0.420253967049007,0.684465383347995,0.250196008302398,1.7337205856783,0.54726244074215,-0.196175680283585,0.20056796074011,1.72382497573543
"179",1.05626564182707,0.0694531287929528,-0.732486178729131,0.495678755847367,-1.20496884331037,0.0751789468222749,0.259450674009628,-0.688865224076065
"187",0.989180148712855,-0.871355403911371,-0.897272192700823,0.152905280879981,-0.0970569605219059,0.958038822818999,-0.417822608973346,0.149532356827676
"191",-0.161495589701145,-0.858453800299976,-1.04696463463537,-0.748577667736352,1.08602620795781,-0.545595915670205,-0.537851689659473,-0.176377315548969
"192",1.56101989387845,1.40417544309733,1.5303286649306,0.146029976883327,1.20517287339626,1.22376898291964,1.11306667935172,0.555908511949345
"198",-0.258500996540297,0.038673062011318,1.75908567715454,-0.739524608484833,-1.28285895310871,-3.18986224839557,-2.32223346941937,-1.39104791430628
"204",1.93088011933304,1.60600208645931,0.39700579296581,0.798178618218084,2.93319461151904,4.45264402640577,2.09280803858926,1.03574865103739
"209",0.39818308715772,-0.670623365386941,1.07328168917538,1.52585237782772,-0.240705642052268,0.198345043933352,0.417019880375783,0.1105646542414
"210",-0.339654237615226,-0.0697258334951198,-1.3714357458858,0.660226830999001,-1.43721795653505,-3.31055683801448,-0.0469314655742858,-0.583687166464151
"212",-1.03661940080202,1.19952690191814,-1.3644204009072,-1.41151240898562,2.0993321779957,-0.0396069743749565,0.130650197462865,0.170361516378127
"213",0.321277003997217,0.967690022911068,-1.53801645021836,0.65697595610049,-0.705605315044252,-2.5287477166429,0.0777726747041554,-1.35206808298718
"216",2.01247266276357,-1.28996269249533,1.32344097472094,-0.261604965734096,0.114233603117746,2.89138566042607,1.19247211826835,0.167394191804147
"243",-0.182030302326096,-0.546745287471437,1.70185437065515,-1.22672536730071,-0.926557785634622,0.322493410909232,1.41109913636338,-1.79409535275618
"270",-0.365956171505861,-0.30402939199477,-0.614719649726023,-0.902663033218486,-0.19582444525274,-0.000909315414815703,-0.661252445776021,1.07931363525438
"278",0.359867474053628,-0.022120321941294,0.0344623503971403,0.91692386109476,-0.225070048994583,-1.3948720028877,-1.75259678872116,-0.540481014189805
"282",0.367268921195357,0.318263969710902,1.16595717194636,1.11779520901788,-1.7665216023465,-2.51700317399796,0.665065785876184,-1.53033347048553
"348",0.381610318076331,0.365235225971458,0.0454601234156479,-0.0629758351605763,-0.363199086379641,-0.250592335268619,-0.247173373299374,0.116558342091952
"381",0.990828166547477,1.03850635015433,-0.312326648222717,0.742089766354324,0.714017924080762,1.39344030976883,-0.968171036305556,-0.487850059899989
"396",-0.737134531282818,0.154868107871669,2.59620172756634,0.256665604234352,0.242921084375171,0.2301345590236,0.55275832578397,0.482990841405962
"403",0.367826274903272,0.00475643056875186,1.10790958788177,1.22892466396703,0.310286449864798,1.09578874041353,0.733126034477254,0.685926319259021
"406",-2.56475969198657,0.336918402718956,2.05780587042241,0.434449781187474,-2.39148163884924,-3.24528036164178,-0.351185859791339,0.155729595547787
"422",-1.01720396525808,1.08772379684027,-0.976140933083876,-1.31713894847828,-0.210296278095296,-2.0774792364464,-1.1916397619331,-0.138339407910914
"428",0.277767822257127,2.23175991505921,-0.39063389707275,1.70622796306985,1.17909916407543,1.24432255758231,0.192352198491904,-1.05959033982525
"434",-0.367121377796172,-1.33573639477101,0.14399093488973,1.24301678199895,-1.0383131904281,-1.79610228137655,1.21451093828797,-0.361327551387945
"453",-0.349889792264513,-0.477862669013249,-1.01951219439124,0.732790856466894,-1.18518696412764,-0.993014145861017,-0.61849328987708,1.33279298591774
"474",-0.6116351359131,-0.0321398651637445,-0.0651044701660374,0.408948633134348,0.317169121948492,-1.09110076597255,-2.10190329713748,0.308401266989888
"476",0.0821756350219983,-0.943631378973312,-1.35731807213955,-0.565406934764635,-2.34308688397538,-1.47787246430548,-0.317742553617166,0.581011729717724
"483",0.215889735635372,-0.255140819996818,-1.7234792435303,1.03513541893792,-0.459688722459911,0.160888471297019,0.765157946161995,-0.426594328692712
"485",-0.0466834782291352,0.469750852057095,0.103738445962872,0.936709567331891,0.447443252704801,1.95531226452373,0.592135948571543,0.99800123603006
"499",0.155535295097108,-0.797651556021318,-2.07856525992044,-0.557711216989338,1.68521791346013,3.22748691978721,0.585650741702078,0.409283959126271
"509",-0.584020579957796,1.49238065316661,0.138767994396654,0.359564000210498,0.592567457788373,0.681298007270717,0.645291767146823,-1.58675403425537
"515",0.433822545472981,-1.5280563888903,-0.167718134180746,-0.526984258576053,-2.26263856871719,-2.1913665697573,-1.18102558932458,-1.73450977560621
"519",-1.464668926691,-0.60040573318115,0.360948811933931,0.749819683708393,-1.2763713097555,-2.34603668005727,-1.12318664665553,-1.9885951580714
"527",0.918186098934594,1.19862353379933,0.922777947175904,-0.42356362065089,3.07570255459546,3.47683337505292,2.17690385250798,1.01698691556157
"533",0.0211551271785745,0.999725483636146,-1.38606115227715,-0.169685605900679,0.277364169047328,0.502013022214381,1.69481203415529,-0.905534255449469
"536",1.51673770998853,0.731838014627789,-0.740091831797428,0.630977663675731,1.23861599945017,1.55867010207315,-0.553880603654379,0.769310646925086
"540",-0.717744954016871,0.681903030293434,-0.193044920219541,1.34888837040489,1.41483185140763,3.22670266123612,1.01930423335693,0.404197269442275
"549",1.26986156391127,1.76836344315044,0.588459927936173,0.918204754139966,1.41560624070796,1.62755786041787,-1.33321418038692,0.912790116476048
"572",0.372957422522758,0.291885887289182,1.5661199859945,-2.34704518092268,1.75260065748305,0.884920939924,-1.1418804433153,0.835486538844687
"573",-0.422563758043531,-0.3663336598307,-0.944154476116976,1.74889415156426,0.622910130453088,-0.886541631588584,-1.47258240952,0.472688645364974
"574",0.489209660202622,-0.4174063454999,-0.502441853660526,-0.808252449996878,-0.937111089831644,-0.994899241822417,-0.17315793342557,-0.521854437279973
"575",-0.0443489300994426,1.46052627073467,-0.927366693730272,-0.82956728522715,1.22012115642955,-0.264056335197535,0.370849241928032,0.820659705755879
"578",0.635931416607695,0.764241202107037,-0.616987754687412,0.831378060067374,-0.5868988493002,-0.730725736443785,-2.77181002991086,-0.827668062992819
"583",-0.565269894161254,0.218348382939679,0.312023781364366,0.745836312848234,-0.38210286504493,0.183986687941511,-0.189387670928452,-0.637796823380589
"596",-0.00238863842953129,-0.680042688938749,0.38918657274989,0.734344953778131,-0.467064405898718,-0.467812945917524,-1.33765176293237,1.7116820013233
"597",0.290546852075623,0.962344871818733,0.881137926760279,-1.53422666988505,-0.293991959362068,3.14830221669262,0.698903247552553,-0.251421939227579
"607",-0.104544676189031,0.223941218160721,-0.991115052233185,0.0396358244188619,0.439436020557189,0.183982591083351,0.0785530239531791,0.978873473223172
"636",0.994305156187779,0.831964476193761,-0.167043400090676,0.79242736372743,-0.947800656593556,0.713198233550368,-0.365499661787756,-1.80789968264141
"688",0.558403907824819,2.3499488432185,-0.81991629438424,-0.493368391446577,2.17513579269987,3.46344687116002,1.02741976664424,1.8590254992963
"694",3.06056204017544,0.984464984181407,-0.942297450188909,0.417606599357471,2.84135210307129,4.46018533121342,0.388441938861869,1.69040261691951
"700",-0.359350364998949,-0.509323159756357,-0.67900919574327,-0.90981967225835,-0.377648996422798,0.0345686510422037,-1.69649050708512,-0.353972164901568
"701",-1.60005600734584,1.66012624715839,0.838398376510979,0.098346388418896,1.64883299764146,0.641674990184747,-0.00137453849229552,-1.95308370128366
"703",1.16338650655043,-0.172530014794298,-1.19012470747697,0.942765422413079,-0.0250969579865175,-0.766213174398796,-3.02908288981993,0.755174258356064
"704",0.858700969506823,-0.699402451663856,1.25632079484208,-0.588617773486368,-1.84842032144838,-1.4015295094517,-2.06075605090686,-0.863070274689883
"720",0.088967305581624,-2.19505620017984,-1.79211587998381,-0.654385690776313,0.183136604644761,0.0192121516100453,-1.84161216515192,0.409457445862331
"723",-0.222674339255319,0.769712551312411,-0.159749270825818,-0.977781790090935,0.299408299571668,0.284671001951177,0.998484083694717,0.375084624988246
"729",1.01508701721219,2.28201525118032,0.475616489186263,0.907467645837526,2.65198827586809,2.60979619931651,0.826858558120709,1.07946451771615
"740",-0.96552341769628,-0.391438948047081,1.65176443856531,-0.0865006663944954,1.34212165008443,1.4691516733386,1.59686402145571,-0.905376282071157
"751",-0.757490219355246,-1.58214463723536,0.0593415653980647,0.656418615720724,0.523290488058157,1.00529035115218,0.0363935744685618,-0.240529466488555
"763",-1.03804527721418,-0.0840580969730204,1.01203460690164,0.850464723869997,0.877428743657614,-0.461333041589594,1.49061438532192,-0.820479379093696
"766",-0.79744246230173,-0.698671251903387,-0.972116989033074,-0.422073692414148,-0.307286353234845,-0.438879211728622,0.421542273466733,0.437100015623516
"767",-0.456462299326535,0.515803246180999,0.775508812833217,-0.13027376799144,1.24380349700225,1.5722728140004,2.10887158744956,0.913405997687712
"778",0.15541566270377,0.220087870683254,2.14633092186159,-1.20116775485388,0.0496406292413245,0.802803372055441,0.207547613283326,-1.12689156771969
"796",-0.814676981455467,-0.657789949569327,-1.21974481653411,-0.181070582691013,-1.17195395329013,-3.72304090216522,0.804597132945576,-0.751032517743287
"804",-0.556378204339661,-0.898181943201584,-0.985555186949554,-1.20767409142977,-0.401572909178644,-0.731448320143022,1.24414295045324,0.264500717518775
"849",0.245329062601865,-1.13441905814858,0.425526563387745,-0.147445077354797,-0.914461947084091,-0.239866179873677,0.0567017104992946,-1.75844493008731
"851",-0.182544225134923,2.46740891456304,1.45083552110434,-0.843504898955263,2.16450640290271,1.56768934110592,1.22875050315717,0.723150207139023
"863",-0.93950430979397,0.0437213872449936,1.10981174968537,-0.989166598765288,-0.689091169187759,-0.806960110287812,-0.171863886278211,1.15915292387358
"865",-1.00583844175419,-1.46735771077506,-1.25685368032205,-2.38417589549272,0.34560175646716,-1.66891059590525,-0.344657255541821,-0.857403038637723
"867",-0.0926498311137037,0.216158391323156,0.947791692361626,-0.556966694770565,0.702949763846223,0.987009633705342,0.303268399467563,-0.222772965418809
"876",-0.236342402486464,-0.458237985505351,0.242722061074503,-0.7958539519501,-0.903467314874667,-0.854380124184266,-1.49152410788917,0.912398385012938
"883",-1.29724124366475,0.621456893597666,1.40068041383187,0.684748212037778,1.26761880492533,0.34254156294786,0.844453734671051,0.0340370321799084
"910",0.124406198365771,0.607964051535551,1.02072736212844,1.39613306688907,1.24382204539698,0.0110967002696376,0.741566898488754,0.196086140367257
"924",1.25388703202591,0.556134637322808,0.266165147287445,-1.09170448699921,-0.479899142684814,0.704425312205128,-0.849379987464908,-1.24175121085526
"931",0.126975996278946,0.390908001370586,-0.690412976018775,-1.08176191347477,0.516575058344283,-0.0777758607012669,-1.26120494947812,1.54374889131285
"933",-0.564919585007979,1.58221256131674,-0.00198232233660017,0.255188585396691,-0.0240510362596893,0.194239447909948,-0.106819070682961,-0.274845912172029
"938",-0.976576101974939,-0.0199889629746156,1.97647298391776,-0.661661137060598,-0.102603135643094,-0.671249067900593,-1.31837144365016,0.442894014612333
"947",-1.26302648249932,0.212948565229406,-0.993768730488626,0.205599711987602,-0.00920692158619996,-0.989408965346138,2.06958855885008,-0.496020610622541
"949",0.602228277155411,0.107875933324485,-1.02773650655334,1.81512781918998,-0.188970161396832,0.223001415387824,-0.267406614486986,-0.844731917989859
"962",-1.08450989680761,1.1370840395507,1.97812786197058,0.481236065374083,2.02196384493574,1.56855857194389,1.02158894783329,0.798840914497857
"975",0.650231526981528,0.777068408584242,0.276916935153616,0.806204205969349,0.507977091969505,0.907240351389817,-1.40035678007672,1.6571730588518
"979",0.35909190308007,-0.161661742015304,-0.0528314912138392,0.870748245960956,0.318494077045987,1.25767725052994,0.0187829798225971,-0.979791823228294
"991",-1.0011152324569,1.59836331225705,0.678877340703458,0.426107244469352,0.768106262103714,1.60659810677143,-0.660774921782724,-0.153052759366366
"1007",-1.05888422290442,0.0227343587682778,0.226356278608098,-1.52164368573733,0.55417254132695,-0.595381223407888,0.347633904884776,-2.04894795160601
"1022",1.3769709116248,-0.463905115137877,-1.8113610541686,0.944220816671269,0.294118861444835,3.5043269032051,2.45904975731649,2.28667119782688
"1024",-1.62762604845117,-0.256147449190274,0.463664535397248,0.706279965670696,-0.745969013369077,-2.74527798961188,-2.16833609548163,-2.09805959046706
"1025",2.41411463496339,-0.0154430237747596,-0.877366053444425,0.158225784561973,-0.790190021911327,1.28133691378843,0.299284807837507,1.00894560750048
"1054",-0.0786130164039981,-0.607234706069177,-1.31731943381852,-1.48556598429571,-1.71366537816336,-2.06224242807226,-0.450946258329501,-0.758546013150004
"1060",-1.2409651180959,-1.3130183292814,-0.234877803518918,0.988345717152328,-0.209099874618137,-1.60968209984746,-0.0610603990503632,-0.852241848608623
"1074",1.14102831486828,-0.615646964239282,1.16690388521478,1.29277996440392,-0.434677291529118,0.288687363160437,-0.225461215559586,-1.26028889523196
"1076",-0.301032371301574,-0.0920241858432801,1.25931889545107,-1.00775734790085,0.936729352707098,-0.0428316747816154,0.276205708325483,0.104586344922424
"1081",0.93065645392463,1.92026946492851,-0.707221522138317,0.0868911005494565,1.85521824617641,2.79152686362898,0.32892000331819,2.26440423069298
"1094",0.668268296175331,1.60013267158319,0.609225060743198,0.605103915438948,1.40344791603398,-0.697005999497093,-1.84050542801516,1.38471175425324
"1102",-0.48224895846092,-0.65864248805606,0.120303821166004,-1.20039096042287,-0.81147616755327,-2.20515256245997,-0.828443217185663,0.44590686151814
"1106",-0.706150099903191,0.420722553875307,-0.00231158440017112,0.218599383840438,1.94109237289273,0.699448261772828,0.015570708209888,-0.509679468744466
"1122",-0.941364859407497,-1.12543406187118,0.091222210769083,0.141029979049936,-0.526784230254464,-2.10469067387447,-0.858328489784869,1.90950019450513
"1124",0.69619947585978,-0.049886326237187,-0.448917264908907,0.154130748888721,-0.555532655878243,-0.887660344200156,-0.324291807705108,2.41404668607872
"1138",-0.365765722487816,1.53611526436751,-0.144728379365225,0.731429485726191,0.0440696064202739,-0.384209041465161,0.75659617195832,-0.336857731044612
"1148",0.272641473859089,0.305017308991084,1.21430568239687,-1.698957917539,1.20143966633263,-0.614856839866923,-1.28711354810947,-0.459012473715548
"1159",-0.617154911743304,0.0316514023834705,0.240368297496473,-0.95387828841793,-0.611330352000024,-2.62236716769356,-1.99340169428614,-0.507861627399046
"1160",0.870847191195594,-1.79216366109999,-0.625424562618359,1.48118540741909,-2.41766906556233,-0.132257200793833,0.197340898659211,-0.336162810121001
"1162",1.10883999639464,0.364051789133732,0.687960960439156,-0.179933182541206,1.65612358919893,3.0801540377799,1.94174412510704,0.370739262815766
"1172",-1.00450901389063,0.591313538670299,-1.45525304049631,-1.61354004505623,0.678704816834315,0.679888019518324,-0.0839133463848416,-0.269925894668844
"1174",0.0395890119579194,-1.31324444868259,1.4299059930718,-1.09804466446603,-1.0338953155368,0.27170217342822,-0.428324413339199,0.885550214443511
"1187",-0.786768308933118,-0.760457735265015,-1.13626328434685,-0.104761801675181,-0.761837833213376,-0.531377425923692,1.63848297620034,-2.85031782137047
"1191",0.124088322937904,-1.07816970398774,-1.15212229734512,-2.81552100237858,-0.240419289574817,0.423058672115626,0.267359160531114,0.663904829555215
"1203",1.00492930186329,-1.39888469586297,-0.0154906660836609,0.76806382643102,-1.30803944329748,-1.92743291934035,-0.73080397115756,-1.01186719193341
"1209",0.348595949161529,3.44684707206824,1.51085771468407,-1.47004731526484,3.3998682263579,2.86601656052333,1.48773772875533,0.657490541273378
"1243",0.269401760633199,0.16250289457676,-0.356488638991567,0.0101784695804962,2.65738573606636,2.04398845095834,-0.274321579230984,0.218831749444542
"1247",-0.272211230195904,-0.419588723945789,-0.330003720301868,-0.833267190232041,-0.885373715359495,-0.226663113483312,0.0289760465965262,1.4629416049864
"1250",-1.5485297062058,-0.399995454618036,-1.33138060981733,0.656673631006949,0.449835162803155,0.737824637312994,1.12948937086888,-0.358450544265397
"1263",1.47560167597932,-0.333779184954492,0.216666051273321,0.810810398486739,-1.53121699750913,-1.24690022584839,-0.303033790152087,1.50869290031504
"1277",-0.416672691154092,-0.20283910903318,0.894653004165499,0.230028530731343,-0.448391883094199,0.212810340244187,-0.42545592958202,-0.627259696793106
"1300",0.217712956302101,-0.0913430631266307,-0.230854841685367,0.257328584748044,0.0173987993685655,0.843139892339424,0.683578903988159,0.284758052864277
"1308",0.781991883904028,-0.838280735842422,-1.16935840741939,1.19515588242531,-1.59632311732688,-1.4612400560881,1.43946078574405,-0.192824873595933
"1313",0.613429510490302,-1.89916744053436,0.70480513867953,0.651590803741005,-1.57818204284219,-0.0929122867554002,0.706162455539997,-1.53284594864445
"1315",-2.22603463274074,-1.98378505909722,-1.58758267582939,-0.716207918193402,-0.865738097259077,-3.9686827135455,-3.22585070903431,-1.4273086713854
"1325",-2.09455881762155,-0.539247046897186,-0.139813619631545,-0.424839762377531,-1.1470487114755,-0.564460923106772,0.706273425652246,-0.589586188737172
"1331",3.01591149258555,2.73517098495152,0.780924494488989,-0.500916323629447,4.28711845207404,5.03084632092704,1.16839078557569,2.99716385201326
"1345",-0.990163183765543,1.01859527715502,0.830580195311914,0.993133449129171,1.97707045498151,3.47142663511084,2.66360035655691,0.978030845253937
"1377",-0.101256115090162,1.5262039221802,-0.684272037509235,-0.199861922553806,1.37153306314325,1.66583397361247,-0.973015073634881,1.53975722396857
"1386",0.791989778960245,0.0793601919838283,0.0683703253311827,1.29396698095698,-0.630598297345784,0.228768831665936,-2.69114018456142,1.16631631459506
"1388",0.669244313233333,-0.0597796922559336,-0.354644886691138,-1.03973357706552,0.06313160561036,2.30285194758348,0.847276461011098,0.373389600880915
"1399",0.076900232972722,0.829432451145136,0.247717920910539,0.445572762750283,0.257511880357271,1.62985552587838,-0.717879630660228,-0.494989200032379
"1408",0.165568362586129,-0.780678799960903,-0.414443565687256,-0.183122678847233,-1.84168785619186,-1.82218427889613,-1.49241042242788,0.0447443276393529
"1416",-1.95208421293659,-1.85459176532199,-1.11649276290772,1.13671712404911,-1.29043846224599,-2.55773269919448,-1.2139228332874,0.353025305352251
"1432",-0.252905566442176,-0.869803374494132,-1.17366073742695,1.14619455867974,-1.23991714645177,-2.10059907305491,-0.325001693842446,0.321449305125205
"1452",0.230910500798448,0.595537564795775,1.21552108513739,-0.390503706755574,0.932680864688987,0.705580170013704,-0.731758951166028,1.83943165777478
"1453",0.189603225380708,0.861074168391182,0.250527735609842,-0.0798951375285788,-0.688154172776949,-1.60850421795287,-0.439053235850708,-0.439881181415947
"1454",0.15401586233471,0.210928912029375,0.28687812250457,0.34740955767046,1.58267925582996,-0.373528111299895,-0.414065528895248,1.17979013544091
"1469",-1.91838162935015,-0.0557961282376213,0.526223702166184,1.12927663484317,0.12568886635522,-0.769623528908438,0.390857913886708,-1.74090747921309
"1470",-0.0271174645724723,-1.21638241278417,-0.38775149227656,-1.09432302512633,-0.222187984475729,1.23594305080101,-1.27343791935374,-0.0611001112758159
"1477",-2.14828416380329,0.399958780524749,1.57870929793621,0.0511604482258396,1.23653773117253,-0.453253277832125,0.971122115476146,-2.19707277856421
"1478",-0.0164096239645846,1.25969561643164,0.469906429167171,-0.244996588838356,1.3902160249122,2.26701332402353,-0.190959775813105,1.34014588640612
"1485",0.122122274036693,-1.98224907464881,-0.0378280204601102,-1.47344002473983,-1.6540279961974,-0.41871531702452,-0.452076516188726,0.162375616614414
"1502",-0.94968892276635,0.178358443290981,-0.752600165188068,1.89550032122214,-0.0406303834074457,0.297262765674863,2.61297541998459,-1.00127763110483
"1555",-0.752466956743646,-1.78440144766675,-1.38068365260553,-0.543232304135558,-1.04813901889836,-1.28839673865183,0.265979545564903,-0.793849359813651
"1561",-2.30390226353373,-0.443366003285089,-0.0153047197882322,-0.381148158325306,-2.06606554109705,-2.92213874732717,-1.02000262498868,-3.02432561638189
"1569",0.914048017529796,-0.364399459124746,-1.0131671132697,0.0328680791617429,-0.340405237536316,1.18645869752683,-0.208898615471099,1.13229064685096
"1600",0.666442064173943,0.149890797107368,1.56496664954785,1.49118620526447,1.11039118489691,0.210459022176108,0.109709387859695,0.150554974586526
"1607",0.879657242972699,0.459786249910725,2.00446345580801,-0.368969580934494,-0.277436575122711,-0.200186006198282,-0.880636557788421,0.766529365913059
"1609",1.20159701049411,-0.421880398206598,0.625824705190997,1.50145530836837,-1.54880611022311,-1.77649626308741,-1.0767214297153,-0.845671245011559
"1619",-7.06564202142498e-05,-0.0396487370733597,-0.491725969210439,0.280035594337534,0.323402534579578,-1.0669440608104,2.21328485699311,0.225797354307839
"1633",0.280776985848156,1.98874971358922,-0.426128558102935,1.38478348847591,1.00144792433864,-0.835391977479202,1.03416541926253,-0.184547504632045
"1635",0.566977840592073,0.231332640011594,0.336878593757156,-2.5512974645276,1.12181325482344,1.61453660212338,-0.429921654151868,-0.534160719792248
"1644",-1.70236568496862,-1.06428006894694,0.270733598171326,0.627015181690189,-1.28188677073155,-1.82340209150655,-0.665939964159009,-0.921548945603639
"1648",-1.45102902795597,0.0449275546962787,-0.249153430233345,-0.606382967954385,0.428691808526224,-0.312961241577235,0.718663634199754,-0.132268328035845
"1652",1.09571029658194,1.83927172463114,0.192928772015931,-1.21744864358139,3.03939470062892,4.15011469603572,2.62959786769481,-0.120219302952428
"1660",1.05533117246501,-0.856929706174842,1.94286041908609,0.457193412474542,0.378618820418029,3.87666425204007,1.33234496536889,0.387096411375589
"1663",0.281160056496363,0.262004469771173,-0.0511247074773948,0.991235880233967,0.720360023721476,1.58039738596902,-0.588243865014065,-1.72262502492526
"1670",1.80161836192888,2.96266927957108,0.196612704416103,-0.342642875593257,2.33656272113905,2.33838464375638,1.06638502372831,1.83912707392441
"1673",-0.950586397053338,-1.6784818015555,-0.921959052667036,0.293039884891269,-0.850372925971622,0.315257384111451,0.412672667716182,0.593187400241057
"1700",0.553984782964823,0.691734983212152,-0.633171833742808,-0.203526080006382,0.266560524689888,-0.91074330405412,0.0410189059499351,0.759653294080212
"1715",-0.691804346118703,0.497560263650467,0.0808803519542063,1.01627498061751,0.292165646704399,0.190482074963393,0.818983984436244,-0.596213203102204
"1727",3.10887913361699,0.712428363906455,-0.401427426752127,0.83174104398994,0.878992180188618,2.20607611179715,0.474621209213503,3.01708502146662
"1738",-1.97741813950533,0.360510459207493,0.625791574610101,-1.53731145925858,-0.467079926305717,-0.849319717547745,-2.81007930880493,0.449039638563714
"1743",-0.971643337920861,0.469219912780253,1.13773309041178,0.416667692080175,1.04234900952921,-0.0614114209310136,-2.03953930291983,-0.43973298818096
"1750",-0.496014320399944,-0.366300290010014,1.08178600481991,0.691976064798147,0.102907168089035,-0.0877346661369536,1.16857314860491,-0.776996640224145
"1766",1.33712866894494,2.30836784337815,1.06532073454112,-0.793771852318165,0.583895138709604,2.64713003935383,2.94151887400451,1.61382990738559
"1769",1.33406253167571,2.04861925540077,-0.843748701891661,-0.300732178189366,0.735757262589476,2.45096205937788,1.14268372434025,0.420408205441021
"1776",0.193051822841597,-0.14943523495649,0.517207591141468,0.319461400044165,-0.805678216548406,-1.16708987495225,-2.03098871429017,-0.144444978972825
"1799",-1.04319116181963,-1.09431996893046,-0.585884201713027,-2.03552305252666,-1.87549834307485,-2.0527890578647,1.30881907714746,-0.997489249725155
"1801",-1.87857305000056,-0.78512601499737,-1.12779249946719,-1.21903619166511,-1.97184284695282,-2.78689336791773,-0.84024346203846,-1.67133136434766
"1806",0.266105135469738,0.762881671084185,-1.339233201472,-1.22826104654926,1.37528285369386,2.39117132686477,-0.160143806101038,-0.312555599412411
"1821",1.66667203648696,0.727071142727723,1.17199108423467,1.24044155451616,0.536068080476108,1.79654083109073,1.99051436394053,0.90539060926201
"1874",-0.21172468345834,0.302905555753735,-0.469741240521562,-0.376462062153257,0.177231372309264,-1.06578565327684,-0.364939774152925,-0.545269302449881
"1889",0.295134364470233,-0.398678233812813,0.522737057070421,0.154912891739696,-0.541217195061821,-0.590924198829954,-0.653778138186204,-1.0097255079142
"1899",0.882658589537389,0.719473492706082,-0.656232993178098,-0.497045692777532,-0.13676035498991,-0.416959254669311,-1.53216121661582,1.24375436054239
"1906",-0.629219416940702,-0.112145564693606,-1.27105899187455,1.02075302213792,-0.239745193191803,-0.354565124584426,0.360509893280091,-0.242681420830939
"1918",-0.00258965237702038,-0.674849992820427,1.31247406921227,0.188716484271027,-2.00813518508521,-0.577901933775997,0.792424903305783,-1.60152661732518
"1943",-1.28630620729068,-0.75563580050447,-2.23627014434759,-0.0707763597151977,-2.52112509502377,-2.23613127394645,-1.67489030342408,-0.420768737123499
"1949",0.229682846367723,-0.986257164142874,-0.603399907610332,1.35689656211236,-0.866779520330157,-1.944945580117,0.127367754487626,-0.024444201268455
"1977",-0.641712970348095,0.937008165166748,1.45634360355961,2.52292181729633,0.840698689950733,1.66857696467822,0.0726314258322492,0.362500042871893
"2001",0.150330303974674,0.758870466855287,0.118967698089244,0.0613384625114835,2.85433649709472,2.94850127566923,0.0682824939816375,2.0142048513926
"2004",0.680911577143117,-0.800297707688611,1.49184183240797,-1.41768140771703,-0.720235016854312,-1.61248921483555,-0.593893695101108,-0.538125997524901
"2011",0.314137871569269,0.00821242850373276,1.13608313868362,2.00827146692075,0.799180115547903,-0.1577362680088,-1.33494255997077,-1.10124125430254
"2021",1.27139359426259,1.32776777803716,0.668785111151576,-1.65993094452787,1.9140775535342,2.00888474198765,-0.324814918068914,0.597624017815614
"2033",-0.225612861863946,-0.605831811108492,0.209197592961574,2.07055486198139,-1.2489775715331,-1.73927885257631,0.0830886980974088,-2.59962914427106
"2037",0.243730348993425,-1.85775816807965,1.42520920812104,-0.316685382335671,-0.448315323191339,-0.788239923491749,0.0298804851773202,0.561066495675852
"2044",-0.907503059190311,-0.868678044882517,-0.0359055078474164,-0.0346616804850048,1.2688596108167,2.38912598100651,2.66911425250572,2.27578531607662
"2090",-0.652493129518844,1.09606566166388,2.41667644254638,-0.597756246136436,1.6163827451284,-1.18131246749705,0.121683041073651,0.0424300475972464
"2128",-0.0872990444531315,0.692534936169739,1.43934520686181,2.33278752478801,0.197452168872515,1.15399101229245,0.0100467038271166,-0.810097664270061
"2152",-0.0893047004583807,1.81175300026965,-0.473673565138062,0.896894711747979,0.648939905160852,0.544647650918998,2.51453368911132,-1.07149970912879
"2161",1.17114278746578,2.03591633552583,1.64080684079087,-0.472897612586561,0.948391096929063,0.616853015699715,0.932005133196435,0.0748891930901656
"2167",0.268913341088488,0.23004011164489,-0.327227467462096,1.17052202605388,1.49304129163126,1.6056924823078,0.657895156783036,0.540146570386198
"2170",-0.797010896862647,-0.644038799595959,2.89497680241147,1.6016819163125,-1.79661353015543,-0.304623588168368,-0.190684748557934,-0.542523454341757
"2174",0.536248924350625,-0.852104108817238,-0.966912758977846,0.601983432250528,-0.275811790278919,0.489272452172189,1.60032752461504,0.695277547195261
"2175",1.16153604337872,0.787231743908096,2.27788867981756,-1.50603693602467,0.249484748667804,1.46785050422666,0.157837545049104,1.27560431424348
"2177",0.142533268328715,1.15015061163981,-0.176087674622454,-0.165315454713412,2.03993923816063,0.989826567202105,-0.750667585345355,1.02165514867569
"2179",0.22619606951991,0.121572712519887,-0.431066227189569,-0.745074164988288,-0.967242519746252,-1.73165772152785,-0.814033761553206,0.370039596014808
"2184",1.77986376653288,0.790806045452423,1.82189392238062,0.839559630827294,0.80013443515345,3.00727673446554,2.12627515033946,1.0511322177752
"2190",0.381799064795742,-1.04380860916647,-1.66205440283951,0.462205070763139,-1.52597533033297,0.756134170081199,-0.159393315749932,1.09746684664749
"2192",2.63532713351386,1.36380141417487,0.396487754616878,-1.70943569012257,0.577707526656085,1.80950757613706,-0.247362894755732,3.08171480929543
"2232",0.436025887597512,0.142971490216518,-1.36832015399331,-0.427152728049734,-1.21359462667353,-1.71043319601706,-2.3309402859697,-0.0393026257302091
"2237",0.379842351940315,1.54215755749718,-0.260204943791924,-0.495342997172888,1.32639273595464,2.16551821794586,1.33315843509847,0.2326856422707
"2245",0.229207227414259,0.0225308259470919,0.385662901834363,-1.05819109952299,-1.76781154935029,-1.11229068456872,0.275248163922172,-2.1173878568004
"2250",-0.330369172364626,-0.556389961976957,0.248511755103448,0.604068832257011,0.334246839885322,-0.696015071726101,-0.474004883383956,-1.24447959112983
"2254",0.868971006745643,-0.724189547139015,-1.18375563323777,1.78702648820338,-0.056337814670331,-0.509435562757499,0.395192793117553,-0.517078993270352
"2262",-0.354121403374563,0.4116895222655,-0.76843584190411,-0.796781018080429,2.57772153443975,1.44822591381674,2.78581983862742,-0.0531883429387671
"2273",1.14173700671887,2.21539292852735,-2.03415487568469,-0.105208759302802,1.21498132387732,1.23907582230488,-2.00921240424849,0.216794238612325
"2290",1.73701067669843,0.401853095778887,1.01045283230526,-0.556332450167416,-0.169710595827022,-0.449491262920965,-0.833781547935062,0.576949764039621
"2302",0.632107346196654,4.62837885801068,1.24066571484711,0.0948852876349682,3.86147873700011,6.30389688045204,3.03418447142935,-0.638239439029035
"2308",1.17707704707479,2.30507146224035,1.23474391829521,1.68362784548367,3.12624334752847,4.43568850018072,-0.712890335652668,1.63055044314747
"2327",1.00852121779488,0.92917501096946,-0.314401420480228,0.668866763818378,0.00918544593312376,0.14663693162628,1.79893245531375,2.84928703518785
"2356",-0.495799117770715,-1.83810605393101,-0.271312833139032,0.238613989593704,-2.83680290514774,-3.20114948687301,0.549447257215294,1.89383902402716
"2374",0.477889729183335,1.14146915090688,-1.36028760857268,-0.752863605152962,0.163668115515667,0.875537505669985,-0.483018710648622,-1.26988937763097
"2384",0.532781827837129,-0.369622158156972,0.462951855670212,0.681339768565288,1.01265299873526,1.38930341578818,-0.49311960697703,1.02286353922296
"2389",0.344305822340901,0.964645844683931,-0.490762526890313,1.06322195170316,1.02141015643008,1.69147132088115,1.09622407619097,1.20955068260904
"2396",-1.05655841140332,0.687760638363982,0.201356001035031,-2.11280767714444,-0.310750733952166,-0.541918636697081,-1.8985692453139,-2.11826894571703
"2409",-0.834082310820389,0.281653256733502,-0.179355924469077,-0.203308783706662,-0.33030002105973,-1.24060854849018,0.332871395503401,-0.759749094609355
"2426",0.00311436871295431,0.837571052077206,2.18258558214823,0.821236878027464,-1.38335412814461,-1.19193876062894,0.717145133678897,-0.664836865312229
"2428",0.628001409649974,-1.53487689666672,-1.03214272289971,1.66048256043297,-3.04125960477774,-3.47439079208814,-0.638975885804419,-1.01460790905929
"2431",0.46549935999731,-1.23877414505711,0.505259406908924,-1.06392811064523,-2.48386248765646,-2.79897164667521,-1.26403285084832,-0.102036131869169
"2454",-0.853287061040873,0.620602074925616,1.87674978797198,1.40608767602129,2.11800226697541,0.935127196231855,0.1737966663684,0.842104604619758
"2463",0.563024168655692,0.690694824686121,1.83961763487308,0.120292005408445,1.24738778524335,0.414992862643675,-0.479438498971813,1.8361096945333
"2464",1.19894951266488,0.980668402169155,2.46506410987033,0.390470303641346,0.546787457160946,1.51240180784331,0.25223067312451,0.63089503530048
"2478",-0.858686740699712,-0.834193199587939,0.507780447127644,-0.660843260352241,-0.7941927590537,-1.87137446773818,-0.336102936642945,-1.89728259275504
"2484",-1.63839765785169,-0.452707801324174,-1.75148769551017,-0.555445229215358,-1.8680036349072,-2.39367499299639,-0.814216611290463,0.520794955598026
"2509",-1.63910656581308,-0.0428860221065754,-0.0479143329792504,-0.115315299451271,0.210453581195566,-0.59477046740835,0.106315345409877,-0.0241530502913973
"2515",0.748096255794536,0.479824327500289,1.02884968201194,-0.675575166677226,-0.42824724364729,-0.271801089614084,-0.703369921779193,-1.29757915110323
"2522",-1.41836699503074,-1.82320159929037,1.52448692230074,0.774563733801037,-0.340811549256284,-0.970710936057961,-0.180010344622399,-0.990726745578055
"2523",-0.887090332848169,0.911074322851668,0.0673854160628086,0.385536151394498,1.38471733500725,-0.16973689505881,-0.524052945609312,0.70346805795709
"2525",1.48173893459177,1.20621765919354,1.00229549447417,-0.445967438571728,1.43939292514696,1.82022284034281,1.24785679286719,-1.16745893807124
"2530",0.297214454707341,0.440635574620689,2.13221023706769,1.38680072722802,1.14043374636046,-0.0858104371676507,-0.824029372298645,0.327273683087767
"2534",0.981335041436382,1.57656789554379,-0.753264334492578,0.674897777845018,1.06085367896837,1.45856766107356,-0.977737393130881,0.0249504002783628
"2541",-0.660118702531877,0.460027567642517,-1.79839280199102,-1.53519617152752,0.468623628757308,0.136258271842505,-0.139357145340665,-0.927619024795395
"2548",-0.654163655983985,0.4609058997838,-0.999536121346075,0.893235050978388,0.0729283484551738,-1.50941928168547,-0.999579381575985,0.296767396002477
"2564",-1.11016645831374,-0.994215906011824,-0.059570187464704,0.284647934796669,-0.452614070445068,-2.69952870573573,-0.16620375138927,0.438515034455787
"2590",0.679436889725487,-0.358351827685821,1.69920442255518,0.129339496901428,-1.57236969151436,0.232089439278834,0.207241310646982,-1.02840472909598
"2614",0.37859600241768,0.430067853165797,-0.0546439136579076,-0.915171271412776,2.74686617691333,3.40843807953318,0.403872244016468,-0.552483444115662
"2618",-0.880924259488725,-0.219273203875592,-0.559979736469693,0.744654582663762,-0.946345657649164,-2.97840520982708,-1.12931691287779,-0.907689448324329
"2633",0.737785088000237,-0.0982621796929993,1.84371474182034,-1.08354228130194,-0.49764979131886,-0.378438364115331,-0.0276952761644218,2.17346736953385
"2640",0.666754097107162,2.49901596222568,1.41459230315648,-0.706138178552463,3.06541918293109,4.04456510965774,1.60067301694983,-0.934678234951028
"2641",1.65777117326423,-0.1802630227376,-2.09279668418552,0.162592012166219,-0.199501839139127,0.510833469961662,1.60664977072603,0.117507081174843
"2650",-0.498211981194263,-0.654313612154157,0.745663999696915,0.102269674669037,-0.297256521640909,0.743066015946992,1.46123421821073,-0.0551620073502706
"2664",-0.468644242718177,-0.00314984832483325,1.72136258011625,0.0414342056445702,-0.298743706020807,0.081713571905848,1.16144066599006,0.0285200398543357
"2674",-1.37857077165376,-0.382121554362136,-1.37836910741417,0.786858382679463,-1.07738092518494,-3.33683637947636,-1.76273277116755,-0.336248463931553
"2676",0.336320980890736,-0.350664424544519,0.00198159683596574,-0.564633445015616,-2.21543541735846,-1.99514381747471,-0.581630753117506,-0.5009491059695
"2681",0.333845762509594,1.77203348273374,-1.05419193269335,-1.16779833393682,1.36383575792551,0.791922032397858,0.298662928377353,0.513326278015618
"2708",-0.795954114286703,-1.41857481792338,-1.06743601962283,1.12955917900331,-0.817192544744271,-2.17735135231146,-2.08038756177606,-0.0793155224250632
"2709",-0.158395308103024,-0.695895030454372,-0.454406866597704,1.10481652403747,-1.55833642079601,-0.410922173404938,-0.153294120305985,-0.776555303703488
"2712",-0.15523727371506,0.380827560182304,-0.159712498211826,-1.01983977511017,0.0386001740274349,0.943578149187557,-0.514872314950928,2.74129931192772
"2718",-0.338003334770491,0.696348770585574,0.188320468704767,0.369870528114441,-0.872799500024522,-2.39167621172627,-0.847946052090526,1.72145342716472
"2729",0.659242265479117,-0.282527480891362,-0.109739055373424,-0.801908135138513,-0.919795077495091,0.819581467177224,-0.220820281009131,1.07071980279891
"2748",1.47073491631831,1.62363798344655,-1.06556674266198,-0.271504806524858,0.117760794817577,0.424736660985492,2.52870717155161,1.60083780545699
"2754",1.13782342024114,-0.506840849623535,0.154943232017079,0.974176458218488,-0.951273891093736,-1.21815370167166,-0.26001651905994,-0.0917758723542286
"2769",1.02972572187835,0.352154230459519,0.892569479413182,-0.271856689544556,-1.25900569432631,-1.24955438689235,-0.617292685468348,0.0510008290965972
"2770",0.217469015280495,0.0761566778243192,-0.132328653892578,-0.325395300829451,-0.266143724183635,0.24292176875562,-0.434497777860806,0.188233475204898
"2777",0.4950298318896,-0.842464341979742,-0.505838118614472,1.52209540994857,-1.39282617174296,-1.56215322977651,0.275816557713946,-0.106588132259655
"2783",-0.489838956886426,-0.978195303973158,-0.0750929602155097,-0.00632265056368892,-1.12726991153359,-2.69963029930843,-0.407207985651041,0.80035320783066
"2787",-1.59064908528266,-0.493175776305158,-2.69275289059629,-0.895491285320941,-0.167177545201877,0.789018657682432,1.47442073674287,-2.04389520205002
"2793",0.0401582140997652,-0.265841399878822,-1.63493325242378,1.10144533384938,0.406632034920042,1.80199503261225,1.21063800401763,-1.33759961499172
"2796",-0.189953395371999,0.186438406169312,-0.247090050765211,0.227960680124602,0.17478122591519,-0.552103426466847,-0.94211893369749,-1.47468519178997
"2798",-1.82054408636617,-0.423520743276919,0.0257625468827654,1.49028102731416,-0.270974650834397,-0.258037885731031,1.42244298728482,-1.64543921446256
"2800",0.279821609638451,1.18710848677578,0.233507496453442,-2.23564432817358,1.58360981266219,1.91283866243945,-1.6004841225804,-1.95457539130031
"2808",-1.24124889293144,-0.924065995580335,1.62846923209047,-2.2559639465502,0.364954735484237,0.495015514423198,2.15937228620722,-0.102980067617505
"2815",-2.08539800627233,-0.391150222152408,1.01283996122801,1.54133300471222,-1.87665429558769,-1.73698284161574,2.07275891646253,0.334094803159344
"2827",-0.0226946634352125,-0.508681870573635,0.0723542883057194,0.101891467101491,0.134526519357229,0.408564015416702,-0.0654703435302591,0.708070324079317
"2843",-0.318531899706905,2.10742065734253,-0.81514327125008,0.444410414221229,3.37436334640317,3.37785685583852,0.803577276712015,0.283574424140955
"2854",-0.11668282653615,0.34493200747243,2.46625619702767,3.73382794145377,-0.510236634352517,-1.0364690237645,-0.858724211621738,1.90951247904873
"2855",-1.23486800534431,-0.186754746612817,0.109156197401641,-1.80883879150861,0.783943025709069,-1.82364640546666,-1.03713772805668,-0.260959748594517
"2875",0.780138069556384,-0.346357065927868,0.242748354931957,1.25134152052582,0.247833408115654,1.6194159267692,1.33715356174011,1.43692186533912
"2887",-1.0822862857419,-0.622537198714875,-0.17134867089818,-0.265202966841616,-0.433663976456035,-1.0074405230813,-2.71826920676767,1.36740169837309
"2895",-0.0756057299493542,-1.02316825133697,0.230984460698481,-0.955791710292471,0.123658154914786,0.259030160184886,-0.554876149286327,0.75328135818782
"2905",0.165235242882278,2.05303578347135,-1.7216651638877,-1.06370142405691,2.96137473246328,2.07988705205701,2.52778225167661,-0.577766019583024
"2907",1.14842705666924,-0.955636555552799,-0.402231557557949,1.10668908235474,-1.68770137303637,-1.92455499234343,-0.508146867019144,0.323889144312767
"2917",0.0643088765504886,0.967601716824459,-1.55010397747197,-0.742034842235105,1.93487694447906,2.303220511347,-0.944312294750068,1.11431349674446
"2918",0.963612103532078,2.32415325687161,2.28028915715208,-0.534041875416432,1.24782049342532,2.00536728237089,-0.540199845915276,0.648344782868381
"2940",-1.61669882596398,-0.250792611943856,-0.724822606638809,1.10931526909879,0.0146215647343897,-1.52044599227283,0.657037148077415,-2.07751399416809
"2997",-1.12788888959,1.54119572243355,1.01035835642213,-2.42064245680309,2.67347708114653,0.797464497842749,2.10281009724937,2.18177416471037
"3005",1.43433193675127,1.1329460380211,0.123319117071967,-0.97533096842367,0.994348644982143,-0.256634255091257,0.443116753460479,0.655947065441017
"3008",0.756652208843107,0.477633018891527,1.7808285478258,-0.526323759018166,1.83548920002454,1.68393690176937,2.07724584456342,1.36447259828744
"3040",-0.456332081365928,1.68598484623091,2.05078400180088,3.49013885794099,2.1298623409363,0.790051480294211,-0.00164882200360622,-0.172402416884399
"3069",0.632528354322123,-0.00915592496423054,-0.217796570633051,0.745075032260776,-0.0251024613203563,-0.442571493845373,-0.974071940254579,0.709251129680208
"3097",-0.124203114320444,0.870524719084878,-0.792316650207783,-0.510329439423564,2.83266842808577,2.8700155715817,2.10139225146695,2.70818577470956
"3110",-1.74925627305691,1.96638028111363,0.417034356369171,-0.417170281960811,1.36551804149099,1.89985727359073,2.3135865565355,0.39067984832309
"3119",0.040053976966273,0.848818607987381,-1.02410671437718,1.05030052104912,-0.0713263310190464,0.324235019700498,-1.65711361413076,-1.81747732989618
"3139",0.793833700116613,0.643160996365443,1.09660649103169,1.42950100650632,1.43198503947409,0.122874858538123,-0.0814227060637795,0.287229171886043
"3140",0.678517478581378,0.321946157242209,-0.202914354560946,0.061779058399037,-0.313574354975445,-0.0623896446898018,-0.205503379500503,-1.4100482709602
"3153",-1.86197878360239,-0.107627308054368,0.106334435137133,0.106703166038501,1.31697624638912,0.491751228625708,-0.103850351781582,0.737097064929811
"3160",1.03321923115943,-0.874621422006649,-2.28302250281634,0.339638992727294,-1.06563401266161,-1.54631445212868,0.445354775615231,-0.125977763175679
"3162",-1.83062014259252,0.181452136852932,1.46912493680393,0.0429564164225128,1.048311336983,-2.42037625435611,-1.02644150562961,-1.38822211566647
"3180",1.28913804389208,0.456894474807468,0.717075861232946,-0.233660035361215,-0.532486059916762,-0.129174177190887,-1.10845573328887,0.366656190482004
"3186",-0.516119098595538,0.0702711689575533,-2.29649496912069,-1.647506889264,-0.100304752116345,-1.16051669400391,0.0366938990645982,0.0609640123021359
"3192",-2.00410262705958,0.142288155948688,0.404598797012151,1.00810665214843,-0.503337969328764,-0.545943537945492,0.445355873037752,0.03995031218958
"3197",-1.04271088110951,0.647447265445256,-1.34379755636493,1.70342384544904,-0.0857941791849315,-0.0434066853454962,-0.892893549386244,-0.730585475479336
"3208",-1.19095179028402,0.854499984448417,-0.697308422379546,1.36203811092159,0.52872223760615,-0.538111760806355,1.01836210871978,0.283118140028542
"3211",-0.376246383022886,-0.652364347326722,-0.244930895279984,1.53023888112945,0.865762303938955,1.21588213792164,-1.16468465588501,0.435049185643984
"3218",-0.61714399940836,-1.62737080654125,1.00434667074751,-1.22070083088084,-0.981038724226159,-0.651920357399258,-2.14950894452742,-0.806066766320656
"3229",-0.943944879653561,-0.664045362562185,2.08433447640052,0.268443308604141,-0.503781258601867,-1.46231176007897,-2.25348491167256,-0.266197343343868
"3238",-0.0309682727861134,-0.206602713574518,-0.433231715496433,1.73770017066687,-0.859617385258948,0.271173320272616,1.06670993762636,-0.83808792051396
"3240",0.558265918005015,-0.671096865408306,-0.730670639604285,-1.05241394499512,0.983580084976823,0.792900285570642,0.795946717176144,0.969581411947043
"3247",-1.16730526342351,-1.29093182709976,-0.546324994303027,1.9346770129527,0.207873092400761,-0.70478998927636,0.2172936455816,1.01803294924683
"3287",0.12197722133856,-0.716738824970114,-1.44393255616058,1.88453741945154,-1.36642824835552,0.363748909946016,1.39213077850121,-0.351647041476125
"3311",0.261849627137766,-0.103931942257928,0.580054013896251,-2.4738291049057,-1.55611741744386,-1.73745477361469,-0.295036253279775,0.783004533614481
"3312",1.72023391414817,0.506826641245068,0.548058987416691,1.42155358196361,0.226504446868078,-0.940665480451132,0.257775075760142,1.0979958686901
"3318",1.85994202618292,1.30154832894618,-1.7399859165402,-1.02847609229225,1.47947059952527,2.09605678536744,0.128724954398214,0.523577175530567
"3326",-0.461546784958289,2.26135117692442,-0.485493132476422,0.102243062206727,0.857045154939478,1.41599596916451,-1.36202255792347,-0.309705106269004
"3328",0.722661305851546,1.646136963746,1.50744277633965,-1.73431339246586,3.21156607616239,3.45757227661481,1.61518319595224,0.154238627535185
"3363",1.10009699307188,0.614993634865259,-0.597190313253893,0.143428421735172,-0.142863582862773,-0.115159203232734,0.675614024390187,0.958083322695693
"3371",0.663261526484913,-1.93058786362174,-0.551648146204579,0.349378656361576,-2.27137362084307,-3.31191597114109,0.255357895132178,-1.07102253423938
"3373",-0.010706163421703,1.23060081333335,1.14655774026873,0.803150447193818,1.54836436146213,-0.765179124142092,2.07439241812623,-0.162567588217934
"3408",0.172223622014576,-0.0171972871359815,-0.257808606798076,0.231828984857272,-0.0668752628746038,-1.62235054501271,-1.14944181441806,-0.559085483987283
"3424",-1.09222305782077,-2.62811615801267,0.231303028361309,0.761338298246488,-2.50990609938993,-4.26821466581916,-1.7230248238735,-0.156869713995768
"3431",0.271820550728347,1.00918802513103,0.988595641355353,-1.08756750934473,2.55320164813733,2.68289110546638,0.518147189167764,0.946223995533858
"3458",0.0693730112204798,-1.85571218396743,-0.447152582036172,-0.924049809211033,-0.507428228171743,-2.55544094389197,-1.70689939510497,-0.324188207740463
"3469",-1.51010868787323,-1.67405797277601,0.366728219388702,0.548826684821822,-1.29888351816216,-0.555039769681541,0.463407377880099,-1.43689096104479
"3471",-0.761115406594323,-0.0944389911052724,0.4394343556887,-1.26694145430084,0.900226920204746,1.31557319877299,1.21698387414263,-0.140302917847937
"3473",-0.458645731433913,-1.07577889787136,1.44069249395648,-0.237838032001377,-1.5720214355973,-3.72080282338429,-0.109921216573667,-1.72715510948072
"3491",-0.0979641440116032,0.451076011578031,-0.0424715749465701,1.48403366897812,1.00176696602568,0.539218547642276,2.66311723346703,-0.0254505322926753
"3500",-0.253776680257786,-0.168552635749342,-0.474720603544522,-0.139359039047092,-1.46554023479792,-0.307936369887523,0.204974917035489,-0.934332332194552
"3517",-0.372498973314073,-0.152956021621148,-1.07972724890183,0.844654267780003,0.329356249719816,-0.268525887705755,-0.61788233864155,-0.1227801489653
"3524",-0.351109156241957,-0.223128967617144,0.268625215151669,-1.07378059971402,-0.0207714829326701,1.34850304569392,0.89384099340376,-1.11229228203583
"3532",-0.9717643135004,-2.01981177218522,1.68793030411263,-0.976819483455941,-1.15296337531536,-1.15073912743748,-0.214202770071901,-0.470830049287183
"3533",0.226217619309669,-0.851747658850556,-0.921869387416923,-0.306399235924036,-0.277850546819041,-0.120756842111361,-0.763676922738921,-0.659680333683106
"3537",-0.188540281533726,0.40631015439583,-0.50704551793723,-0.985715105126901,0.648638492191723,0.0851552460732438,1.37426324375326,0.313221255393485
"3540",0.917126278617672,0.652448970767104,-0.102929676761277,0.773545429295562,1.35706315160673,1.16798839540963,1.42926007974888,0.567655637830828
"3541",0.593118519806287,-1.12345426200508,-1.30990998488126,-1.14896804502241,-0.545097062524772,0.952777443265795,-0.715787234521225,-0.733069676376809
"3542",-0.669685942247684,-0.352677546386626,-0.687086771433776,0.302010239880824,-1.20692114316754,-2.06710139797062,-1.50237605135111,-1.93246748262025
"3547",-1.18001738809391,0.154926288942738,0.11401710134401,-1.36759336282944,0.0233661582831085,-0.84867180015327,-0.833229101420681,0.972024613118241
"3548",0.786307287834761,-0.0733667784733959,-0.44489595490906,0.221389658407975,0.687121421180567,1.66312170791123,-1.83305247184767,0.123104903520469
"3556",1.05603340977568,1.36601231281368,2.61129406388156,0.103407540886,0.85039067583932,1.94834512300267,1.52691204248104,-0.598467545909266
"3571",0.152491195511714,-0.560742463583928,-1.51308446331308,0.0247670666291001,0.181732233147743,0.695338098321998,0.830803083301954,0.365972498377699
"3576",-1.33460335574681,-2.38972922770393,1.42665184284622,1.62135367849125,-1.57256240351813,-0.562450104827763,-2.10213589347461,-0.775689416432199
"3577",0.623505955475876,1.19962773166199,-0.890182745561632,-0.169396852697063,0.766292599504309,0.745329011576132,-1.82551598753616,-0.222411099676871
"3632",0.323525197893857,-0.353512751961323,0.0814042429690164,1.89284450066293,0.330178705951501,1.1127524890654,0.0755973387362303,-1.24003807130488
"3633",-0.999432759671926,-1.49733571477458,-3.75612772347037,1.52398525085537,-1.4195901267468,-1.15642593176575,1.00541672173323,-0.864381196978999
"3634",1.27355773729869,-0.862118118848709,0.302827069745273,0.227440228717608,-1.16534311854094,-0.0551969354034594,0.396973253641831,-0.750171338462509
"3639",0.790651802197462,-1.0570950148245,2.00388323627417,-1.1112443514455,-1.09280088939322,-0.630780939619585,1.59207041470115,0.719632133615732
"3646",-0.702156073272558,0.445528760701511,0.449767089024708,-1.26200587392839,1.12731639565848,2.25990186042987,2.8983776262228,0.131507749711063
"3650",1.15043609563743,-0.13517589533818,0.792600200442477,-0.0301888183624032,0.0122394268062296,0.59409546268635,-0.637842853342565,-0.698336264849451
"3680",0.691399061141001,0.159020427684989,0.320789582254579,-0.317882985868381,0.633381914250185,-0.380015512373691,-1.24333492062181,1.86832585066282
"3692",1.22483501516206,0.16710689284712,-0.736649164165118,0.107617229334634,-1.12264355959671,-0.326160665671017,1.1911440412082,0.00573199570993668
"3693",1.03216695854959,1.26483925272412,-0.00343082697750213,0.756457383108701,0.474511401414543,1.59694222926701,-0.38064921641762,0.264384202764405
"3700",-0.289669092680319,0.507295860644556,-1.06188468184774,-0.774277298585789,1.04411253823624,1.04168241525631,0.522397038099209,1.42320294020691
"3704",2.51590291510462,-0.535929976313006,0.223000923036615,1.24968584519707,-0.597466251557724,-0.471167485574744,1.67207888675354,0.953486865680597
"3708",-0.334371625710959,-0.956411435252164,-1.63356792845288,-0.0311472639993064,0.721570498159928,-0.402325495598864,-0.109531664439379,1.23572362184356
"3727",1.15401673813041,0.085417936530905,-0.191678948250976,-0.440660855536661,0.824466863365006,1.47808847174919,1.81034763929606,1.30513551604887
"3730",0.570944542430189,1.21231288583514,-0.636566953762925,-0.463260125554208,0.6879845131388,2.74208642635273,-0.0395335385770215,-0.917111942925921
"3743",1.56346888338357,-0.244694601955218,-0.608690258180314,-0.612776733479366,1.07310902203836,3.41686815408905,0.0329172664802384,1.1463980622341
"3756",0.956463278732811,0.258504703753924,-0.241726397565639,-0.0375373297312056,-0.496326784583189,1.45180060823603,-0.340250593830337,1.51701590010253
"3759",-0.813107208400071,-1.01493464952686,-0.208382404583246,-1.41454355392282,0.459848214871772,-1.21074611838475,-1.99222939787695,0.567542542581463
"3770",-0.102789425588037,-1.83552743338518,0.0330380716248781,-1.24508662420428,-3.83912835062382,-4.07468255782576,-1.1068008301187,1.61398486198981
"3772",2.12793928341261,1.07689916761559,-0.452391647945577,-0.708732540437905,1.63973847302788,3.25269525256636,-1.43207185807334,-1.62225419508694
"3783",-1.86529147737302,0.124004766127262,-0.0401366566059843,1.01365145253011,0.756761128527522,-1.37251761717029,-0.164131875664497,0.0418853799343268
"3790",-0.120232704387135,-1.36490191608893,0.1186435946229,-1.5356241202708,-1.66322559896241,-3.09776675507598,0.278212527190652,-2.10187056472367
"3815",-0.045231814195398,1.46516730593508,-0.377845094750478,1.37068996788319,-0.395031015861536,-0.801696398363161,-0.231259425099803,0.305062650795419
"3818",1.18201621173876,1.08252806569555,2.73792854327443,0.181059980197709,-0.927450209651699,-0.996068358014366,-1.31452994283689,0.448121309140966
"3823",-0.13489702206559,0.100101876315876,-0.390528590799924,0.64867444169206,-0.754984004960385,-1.83014454571071,-0.959207206435456,-0.561166206692777
"3833",1.97803142400755,0.906841612956821,1.01383916319161,-1.17232746618194,0.640650934913616,2.26705624230573,1.88294752527914,1.69782461886163
"3836",-0.831120484202881,-1.52294565236013,-0.346564489711944,-0.874054794149448,-0.739195456902033,-2.62718442111673,-0.635542638728089,-0.718508066036921
"3848",-0.618204338341937,0.19440982612611,1.24758448706428,-1.24669955094755,0.824965762074248,0.859382709877242,2.20625378179205,1.12222938838229
"3855",0.826729249774061,0.448309674741214,1.55900411561393,-0.347704897952138,0.958776131653605,2.20190615891802,-0.117787157820268,-0.404918105761032
"3858",-0.558977672893205,-1.02562401723612,-1.23237170312842,0.0483078440607186,-2.24235930039178,-2.3508150811283,-0.502659589728263,-2.09424232728399
"3859",-0.795131762769104,0.879012530485016,0.997813884071122,0.988938267615702,-0.320054505316278,-1.22938694644265,-1.03933299048838,0.731286498932275
"3866",1.01624277732287,-0.221080793534899,-1.00213510804515,-0.396668832223342,0.509123196264466,1.70898421673326,0.182575450732442,0.901927930892143
"3867",-1.56732619165359,-0.381337598872432,-0.11362681134134,0.280435480092969,0.829448644911366,-1.79325298925992,-1.52319635247693,1.66081622567656
"3873",-0.667805180154803,0.32888162383195,1.21204461299239,-1.06144493880027,0.101542224938032,-1.55116043856451,0.870957671917781,-1.03247058761926
"3878",0.495574829709148,0.998942077612501,-2.55673348366452,-1.57277753160088,1.99735567850526,3.09474005785184,2.03622143779327,0.204560042867268
"3879",-0.991218413941385,-0.919967481774444,-1.19894907890091,-0.0884905488325901,-0.971209915029643,-0.270596451231073,1.22386688222642,-1.52037267333457
"3887",-1.58058408057038,-1.15603733022068,0.306006160813499,0.0703803055310036,-0.452594216562075,-2.69992621225182,-1.57480229571296,0.356188925608674
"3891",0.3716236103089,0.452667345984797,1.13785860704542,-0.978504678112101,-0.0503814576880175,-1.7278776285579,-0.193600160968992,0.990833413644272
"3899",0.368515976901778,-0.94189880099465,-2.15103110143619,-0.779304449501254,-0.431794985837683,-0.528159908542779,-0.144499790825965,0.368176099303641
"3917",1.35531450556757,1.56790438989903,0.729217511389513,0.388257021884065,-0.63381633591879,1.65444867729246,0.97106616300813,0.125476167873433
"3919",1.13258605642591,-2.10426635479828,-2.19160886875887,0.9765744782785,-1.46178531786262,-1.83465508523301,-0.565706688152125,-0.030476648664611
"3923",0.698704089102834,0.399451504020443,0.347909020211815,-0.162218692402434,2.29180190155415,1.76489618993474,0.563857576830513,-0.185356883846027
"3939",-0.923736619838836,-1.72522584873629,-0.153770651451937,0.0338404260643368,-1.03629358816008,0.17988880346374,-0.684911732198474,-0.909758355690299
"3947",-1.14022784227493,0.106136465998804,0.41217664932454,2.42745322496082,1.48268200503599,1.77801033984935,2.15623961437677,0.659053677023886
"3966",-0.562419455066473,-0.134359230813048,-0.660692000333395,0.109737046252104,0.0129823942441671,-1.19063849586666,0.882753646206614,-0.0281361243614651
"3971",1.06866905175681,0.574994096533907,-0.77098216449988,0.234174037343756,0.46639448447727,-0.208552457561766,-0.458207150221807,-0.495225743174332
"3999",0.354524693975572,0.640753870366667,-2.0535369994111,0.491961946744686,0.745154446588841,2.26421960632236,2.59649249551304,-0.429714952583602
"4000",0.157090310089929,0.2359319771323,-0.689920592369396,-1.5785972547722,0.626798195098363,1.40934862740012,-0.204035365537642,0.137933117310006
"4006",0.546320328029987,-1.40715302393323,-1.63308883366301,-0.508235667218435,-1.04727373055769,0.389100620143084,-1.10752580822979,-0.276087530592883
"4040",0.715427881974269,-0.107387933480572,1.18601531568019,-0.514277906923158,0.734228113978451,0.328895903153046,-0.12811541948711,0.567648337720782
"4042",-0.862743480616712,-0.916105949549001,0.44395789727579,0.0831079836709941,-0.00515329670002163,-1.41018384894609,-2.15063828201626,0.559791682788167
"4055",1.33090759037011,1.67933712508165,0.142886477265677,1.20984540117603,2.25864728476154,2.23391067704943,-1.00070426431098,1.85168365083928
"4062",-0.0493747794974024,-0.152092429125151,-0.0764523558795361,0.591426123196514,0.604839929466493,1.07491149769087,0.403920861786129,-0.30731566542628
"4084",1.80472673549674,1.42929222306649,-0.229116405989216,1.32984363617307,2.44905619412421,2.39645030174881,0.225988168022631,0.575204261652241
"4090",-1.00637295128675,-0.59442592309937,-0.91805938759769,0.292724403227983,1.35573574091489,0.285522149658955,0.285437626527914,3.14357469598331
"4091",-1.59412320111319,-0.713789212694355,-0.735914539372154,0.587569593466677,-0.7195411604519,-3.25012042064003,-1.07661311433081,-1.31573312671585
"4099",1.10168433640831,0.0968835738415389,2.12337051356768,-0.336314123511888,-1.27039933762342,0.789414808022473,0.289999390870582,1.34451405181183
"4101",-1.30418015729916,1.09820813461265,-1.35420164072902,-1.37552375942171,0.883147453446004,-0.398410484032882,0.0615301860767614,0.25408657817402
"4102",-0.0685165800881803,-1.12479898787617,-1.79586697846484,-1.18830447863394,-1.65144014235712,-1.00536791319764,0.0715485094987705,-0.599433473754795
"4113",0.0479040953212098,-0.78680683279556,-1.55683066745634,-1.98152245920647,-0.187120943036178,0.16207255523276,-1.08172214946675,-0.0955069629010773
"4115",-0.552785926945979,2.1398424747136,2.25057826640178,1.51942584568557,1.89712549352588,0.336040346137123,-0.292816265938786,1.63076506762534
"4116",0.351506133250259,-2.07274637925662,1.40151517769473,0.0290967535850032,-0.463686976102715,0.0864241255446722,-1.0601132286748,1.37602896971942
"4128",0.688260554075395,-0.145392189357084,1.66484075259473,1.27597825082566,0.51050643835098,-1.11721791236225,-0.546876534685253,0.811718138367433
"4136",-0.410882145280971,-0.990191878527227,0.211787888254757,0.387382762833182,-0.179176613897232,-1.02330066651239,0.562560674467728,1.17943595211665
"4153",1.34839809977554,-2.41024620667414,-1.08398489393167,0.100584598505969,-2.96671786604621,-2.8055768215419,0.123949194383405,-2.30145437742567
"4155",-1.63695873003059,-0.276607324125402,-1.32844565259627,0.0212791141780338,-0.233455158661741,-0.577901940572977,-1.07027701168562,0.743085959110966
"4159",-1.31124290185349,-0.959672777255155,-1.36396067880649,1.99018176963991,-1.99696090242899,-2.84200790730661,-0.241258480680787,-0.625588087864957
"4167",0.949774738220377,1.98868098843991,0.0269762155962525,-0.580330236619729,0.386338774764493,2.16286652282779,1.06652557222441,0.193408690429935
"4176",-0.857266864264281,-1.24628086089258,0.489145664737412,-0.804790144442725,-1.74889853488879,-1.80479045168596,-1.35759742725903,1.21390073881727
"4185",0.506841459934426,0.726680516429922,0.0638914085551569,0.439250462483654,0.354602619298764,0.655400076675616,0.394016949846182,-0.0427596801899287
"4189",-0.658594974597992,-1.7565233327348,-0.525488917267261,0.874112850079042,-3.49726089283869,-3.20290730296673,-1.37955392441266,0.290597626796346
"4191",-0.530085873733834,0.0891026691494222,0.490928243388357,0.927942725051705,0.0382720514774334,-0.428722813704389,-0.97889769057504,0.303862679295017
"4215",0.429931573480355,-2.33933749914852,-0.590792476876611,-0.222265561208378,-0.675253940371261,0.0798380678065724,-0.6546533475985,1.14508092059977
"4219",0.839702740243338,1.75618939934693,0.441218941829893,0.583549796333003,1.10912768189137,0.687428836801875,0.378756026484125,0.897962586265363
"4225",-2.24357001697987,-0.944172381787393,0.290228913907405,0.579903662739061,-2.84310723477692,-5.59435337596909,-1.91640066867335,-0.328230228967213
"4243",-0.299253277291802,-0.679882462655549,-1.27557228057405,0.671135300621337,-1.12550987119787,-1.36668329179108,-1.55174709308799,-0.208127315671204
"4245",-0.29405856426068,-0.191642456754413,1.59938784146402,-1.19687984667675,-0.201435999199248,-1.15307488372051,-1.05028992003818,0.792984317109191
"4274",-0.196729985128118,-1.18974003370204,0.0318576539069155,-1.1949646946531,-0.960006420946548,0.982151834536799,1.03125728683802,-0.950358339540093
"4306",-3.34612381725935,-2.07858053621819,-0.340680580575188,-0.0140781408643943,-2.92553456716685,-5.23071305858949,-2.51000324745455,-1.08186942784907
"4316",-1.01374392951965,-0.928928066228659,-1.20188672121114,-0.210800839471806,-0.758926855278113,-1.33481757656919,0.645330152410777,-0.980003552998387
"4327",-0.135153421171211,0.1696649648736,-0.559665403555233,-2.29294762754143,-0.247388755536904,0.00824120365157305,0.345303276855467,0.7523517193646
"4337",-0.0744785788351247,-1.54171153235989,0.0581501712172015,-2.82681179603654,-0.512802537317576,-1.02282014723362,-1.57283302281828,0.875949458785558
"4344",0.663014451514565,-0.785602447755048,1.44150987954192,0.15132538457073,-0.80642912124666,-1.61070071226295,-0.0170360993979929,1.16108642274118
"4357",1.87345213292543,1.83649841057487,-0.937978930741301,0.557285309814606,1.87972953714752,1.92330296907982,2.42713564105564,0.441834403773428
"4362",0.810572200116554,-0.846558451924046,0.786351974599437,-1.65675016471763,0.944610979584619,1.03831226707046,1.67810232438171,-0.0682858675783478
"4363",-0.000808570416728811,-0.525072161265277,1.0707601721208,0.510601759823621,-0.0943927962388706,1.16760590436775,0.431073552300991,1.92374213778132
"4376",0.277179614814772,-0.311962359732992,0.511146670727503,0.290347957260055,-1.35478449305664,-3.21004264654628,-1.56547191972677,-0.314196857160358
"4378",-0.503619664827706,-1.16085416451345,1.45367962608875,-2.11760340655801,-0.47973408417042,-1.07597443541329,0.324533548403216,2.15587235875424
"4380",1.12034467339922,-0.0437710000041653,0.192798356246748,0.254479783118944,1.20402255600291,0.578745631029291,-0.0494397700968583,-0.682357468257401
"4388",-1.73096801142289,-1.0889077050482,-0.41170532268219,-1.56212842921152,0.433896743141347,-0.91388143553065,-0.604822203600279,-1.57286912803555
"4392",0.863282553430019,-0.332357476061432,-1.74319935827714,-0.527056317681015,0.565769602227374,1.08260308496549,-0.364074152929563,-0.202165370852138
"4398",-0.748065429327673,-1.28279776468748,-1.09684590359176,0.544102720759901,-2.4769238841168,-1.85742599469551,-0.760790409109578,-0.846560021299822
"4400",0.175619997742641,0.61051073472352,0.426520564870304,0.76942242110154,0.73420884577579,-0.886832831186335,0.345003402775599,0.0584970164798719
"4405",-0.116244316997372,0.757629857953864,0.506051546600354,0.0969355104295752,-0.0769134501187984,0.0455209952033407,-0.563630626828918,1.13181447929791
"4410",0.541740045350118,0.108855198127674,0.217783374742831,-0.650143907401332,-2.07433513153312,-1.98793469972485,-1.54970140278117,0.410514725322301
"4420",0.596957643462391,0.181594265766888,-0.540752655744767,-0.121022406854559,-0.8030172243552,-0.779166601459255,-1.60466134295672,0.0458227539617476
"4423",1.17418941382326,0.50042371287079,1.92871576435466,-0.551742264348874,0.993753714108324,0.639201497475723,-1.10227305456888,0.119100533294143
"4429",-0.721651214460785,1.02922135072601,0.586057218729191,-0.322796682129797,0.400728407389824,0.201307392663407,-0.882073710136476,-0.397096258052635
"4432",-1.77081848289918,1.39933913618328,-0.772611249907515,0.577150554071291,-0.173709598863291,-1.61859091484367,-1.21351356793382,1.49212158544863
"4435",0.809390123502333,0.159127765271285,0.177975034957966,-1.06431402497112,-0.774205733370598,-0.166498570399368,-0.996211425599056,-0.630950442858239
"4440",-0.361625102758366,-1.50853375459003,-2.36071287286571,-0.0169574282001969,-2.42193624769483,-2.86962503913798,0.815683068093842,-0.10718969888401
"4449",0.224890980719762,0.283060687685584,-1.71925621815467,0.105079051809139,-0.394451112530839,-0.410955205198471,-0.620700616016211,0.856365036660838
"4465",1.62720244502242,-0.385881240270005,1.27542981696907,0.719323811687934,0.482689336470222,3.64118632195967,1.28587681523371,-0.502346533970746
"4478",-0.558262634780886,-1.15685353610987,-0.147789474081042,0.413463789728387,-2.13899705024317,-2.10356771288025,0.150880741330796,-0.308184304272994
"4480",0.804522950032303,-0.622650346902155,0.151821722281236,-0.0178256147985407,-0.704900897988997,1.55955270102816,-0.134597225776267,0.66746905836639
"4486",-0.980846905743566,-1.63968431653673,-0.340769708415899,-0.462569588007536,-0.99409366501562,-1.51882820638294,-0.103900991587031,1.17878609445733
"4493",1.29414336875055,0.841934212885141,-0.821408067066009,-0.10517148623957,1.52050600851636,0.781500265830916,-0.797038041139054,1.42393669813355
"4512",-0.232401238087252,-1.16201149451059,0.330839387293367,0.922006547510907,-0.245728171701065,-0.146279350421501,-0.961564021845567,0.351570157809309
"4516",-0.0483708602377135,0.153192360079735,0.554749349193799,1.2917545162969,1.10046196367526,-0.81685432180623,0.207628617943128,-0.654319117802506
"4531",0.518387441054011,0.435652544825472,-1.42456572639086,-1.17405455635451,1.03310209757638,3.30966673934621,1.76192178362476,0.515932029369616
"4559",1.44836667923701,-0.394420021635881,-0.491014375326895,-1.27946151429504,-0.646937289973588,1.85784607368533,0.729617575195759,1.91733705403276
"4568",0.674663231371594,-1.00725572201428,-1.84572080208852,1.22589378554353,-0.877482369493242,-0.259411366070105,0.313608870747093,-0.524871839807069
"4569",0.755683221219055,0.892451948470702,0.923517232586428,0.674789748418615,1.12389548565123,3.08611606174688,1.22042897181815,-0.100213621418033
"4586",1.88457725176769,-0.398075866029346,0.0857403968477081,-1.63375964903751,-1.71350141749823,-0.821921408577992,-0.601001144076059,-0.712958913788747
"4593",0.54248745266634,1.51906509301976,1.02763124057209,-2.08187741384242,0.893265158592228,0.531154151233023,3.0281398446656,-0.0238252119256352
"4595",0.62793820861935,1.31246300262717,0.907676876312256,-0.161645594370253,1.75326395102933,2.33959869836931,-0.602526988141358,0.977253903506955
"4605",-0.330286943102848,-2.88396608676082,-0.0988665411167618,-0.476236848725491,-2.84523454160341,-2.87040399031308,-3.17831853946053,-0.846538286833081
"4607",0.259493374461211,-0.25081098577964,-0.314291252205532,-0.448329948315111,-0.485428778671942,-0.0899855122395009,0.713121335147513,0.116670899069075
"4613",-1.02088291443257,0.16605854082749,-0.427117448872032,1.15814644295894,-1.1162123912651,-1.85184555388634,-1.46600655550592,0.186329323563462
"4615",-1.26557583489698,-0.432607752411557,-0.755694347237556,-0.363256647829991,-0.848471542048402,-0.31558418451356,0.61260237912785,-0.81905629281826
"4622",-0.741021651031085,-1.88722059223596,2.06174192780272,0.19209222641244,-1.04563965580296,-1.32082310416443,1.66974262500314,0.000741687484477394
"4626",-0.708944599035035,-0.588264012207838,0.915713630532086,-0.131498635904846,-1.18517898264957,-1.83904221864543,-1.50802509775364,0.424151035532264
"4639",-0.418622178890337,0.744841192126779,0.792515802540071,1.27701198051987,0.792439552662175,-1.10170363002614,0.124689234377296,0.284299280445801
"4656",-0.772796599321328,-0.622013685509485,2.04106503524053,-0.805578975447879,0.588569221887712,-0.217412749507951,0.367768192445533,-1.03035678393572
"4672",0.887754740360158,-0.368682918722524,-3.08427364906329,-0.174695677821938,0.418143605879809,0.472919759506982,-1.93932050383858,1.26944417655218
"4677",-0.0181847537687079,-1.11944501095452,-0.765039271030062,-0.412798857461171,-0.367137171762388,-0.143705219660748,-2.43851965279164,-0.573088871470773
"4688",-0.0954259255194529,0.214206560787966,-0.129806311539635,0.717789100079593,-1.22908024403569,-0.795309419014379,-0.102367640774361,0.417276408447295
"4689",-0.318898932054792,-2.84637064261085,-1.44313892318055,-1.43302200457168,-1.62023440865929,-0.464010852312718,0.528784863677592,-0.0245794555588358
"4697",-0.801672372726013,0.981564424608959,-0.72717657641737,0.540268066212961,1.22250301306367,0.475921974527763,1.21066657139098,-1.36141129462452
"4706",1.27836240409459,1.61061146400966,-0.895333760146147,-0.363142797199025,3.28951656176146,3.71821038703657,-1.08879884825983,2.60938806460798
"4713",0.543008125823808,-0.0705840999877812,-0.205756739903968,0.726275586170046,-0.341248122784991,0.59128367280507,0.149601460483136,-0.680093677343905
"4720",-0.112486262890645,0.031908017329437,0.812434316179681,-0.570126456878516,1.06174259075377,3.11128359986062,1.71754996818127,-0.225333453351959
"4728",0.839883992264993,0.665766109906715,-0.758147413073352,0.504478530340832,0.895317507310518,0.847172538723505,1.90741933490698,-0.0825623462746181
"4729",1.20705762945844,0.792985987241517,-0.00540649359712531,-0.36058770052034,-0.484544590724269,-0.612596145002173,0.133900431588886,-1.29636888519534
"4755",-0.20171134533062,1.44634620858693,0.0690779138015549,2.46015524311307,1.13781014206816,0.982007252876892,-0.536728993502717,0.60407067945349
"4768",1.04714521615129,1.01715365208371,-0.160142613349546,-0.12595215101019,0.696736953650389,0.428490934260756,-0.456427739318417,1.60386188428716
"4770",-0.77753990981444,-0.111898416638903,-1.36353446042285,0.858138075880896,1.66539481552125,-0.0315299948775309,0.795600076739564,0.587117043106368
"4771",1.72884675292336,0.933972173884018,-0.196846877602273,1.10769584756739,1.09259657796701,0.699953677415717,1.61610075818661,0.474807843130402
"4774",1.68391261877681,1.99094849705823,-0.268314236858901,0.380009887670887,2.18377907670229,2.82341379362954,2.10649422952565,2.73740679883765
"4788",0.0571953809172477,0.382158624227988,1.27384906826754,1.51471250804321,0.422240059437947,-0.511786476276399,-0.615738209367747,0.929633589667106
"4796",-1.2843657087912,-0.899733629939812,1.03099967205828,0.514707544422033,-1.04575572548222,-2.60982533374991,-2.42662150677279,-1.91642118099877
"4806",-0.372650283426832,0.0469791939297269,-0.819791809654987,-0.104705936576847,-1.3269652491158,-2.58135965667562,-0.0723516807591436,-0.0819605956200395
"4818",0.441050133052002,-0.632639599942333,-0.119678781652464,0.795536920549565,-0.976737022711584,1.35873382427162,0.93846137477951,0.786581863962699
"4825",-0.712513240597456,-1.20971421227476,0.393393907872938,-1.61130637366481,-1.41931342291106,-3.03726709072753,-1.72129871974708,-1.1953855222858
"4835",1.89719256626291,1.00089028433612,-1.37690989806096,0.993201171228494,0.268348692065767,1.10446647063518,0.835793557580763,1.5317816019395
"4842",-0.0282376377417104,-0.909734221655783,-1.59320407700434,0.309988568354829,-0.0554990820969606,0.401651807827066,-0.101570476239521,-1.14144552579164
"4856",0.312874009946686,1.71069242730799,-1.23087724918064,1.93031741733359,0.957443864369711,0.23395556573647,-1.4234308210823,-1.02823176674004
"4863",2.37443886767686,1.49312126526584,-0.167801054796122,-2.01444981391337,1.05470149439108,2.12891969709863,-1.42864096620167,2.06500148900736
"4870",0.34540939745502,-0.251609946696783,-0.991170789435697,-0.109146978986353,0.0663997573745153,0.14590686748284,-0.873587351538889,0.762727628482939
"4872",0.490210136090468,-0.475149507325365,2.4209116702339,-0.447899464583309,0.496512062658159,2.64860138123823,-0.895650600294639,0.0505034145090669
"4873",-0.273952292673095,-0.854311964179322,0.914034150824324,1.216261236594,0.521320897971172,1.01644184387042,0.701760569383892,-0.278359409605214
"4878",0.702904746763793,-0.0636818834022168,0.584596193428935,0.110027700910372,1.62783767624457,0.851315677869392,-0.738033997916331,-0.481384969405144
"4890",-0.0840762743622237,1.01403490521921,1.10592816041719,0.36804515682608,1.05645651097868,1.76265662310041,1.312211699475,0.697591687359272
"4937",0.682631907780244,-0.806994264971035,-0.553535759691356,-0.452960495442657,-0.981576627283055,0.927193398256012,0.265970108367939,-0.561196447097877
"4952",1.56442005503473,2.69592535437443,2.66131053601456,0.169572312927754,1.66215491221884,2.33602546064069,1.6907196569241,-0.236771403942719
"4963",-0.543689247329656,-0.369987042252424,0.418816614069631,-0.652870662384307,0.681960251960934,-0.135729653215563,-0.820173861320164,-1.74148684282042
"4975",-0.156010824358507,0.303156613354573,-0.135790652162149,1.07284429817884,1.04643136215783,-0.857654101454098,-0.258318182586379,0.128847367951048
"4982",0.334569745836263,0.418839775018171,1.00781996872385,1.07039126642346,0.414214444022989,0.0714190599123316,2.08527217712311,-0.364208862669023
